id,first_name,last_name,email,gender,ip_address
1,Kimmy,Tennick,ktennick0@ustream.tv,Female,166.131.5.155
2,Alyson,Corssen,acorssen1@comsenz.com,Female,228.13.136.106
3,Alyda,Linger,alinger2@pagesperso-orange.fr,Female,170.95.58.22
4,Nester,Kippins,nkippins3@nyu.edu,Male,208.186.58.244
5,Connor,Mungham,cmungham4@house.gov,Male,62.24.78.42
6,Lacy,Meeks,lmeeks5@epa.gov,Female,19.2.35.191
7,Justen,Furmagier,jfurmagier6@google.fr,Male,81.17.239.129
8,Ame,Stables,astables7@newyorker.com,Female,233.24.196.211
9,Rafferty,Errigo,rerrigo8@wired.com,Male,110.32.178.112
10,Alvin,Showte,ashowte9@fema.gov,Male,5.7.251.112
11,Warner,Konertz,wkonertza@discuz.net,Male,18.39.191.48
12,Cole,Gherardini,cgherardinib@biglobe.ne.jp,Male,19.65.158.71
13,Broddy,Marsland,bmarslandc@dyndns.org,Male,110.19.118.204
14,Zollie,Dunkerley,zdunkerleyd@dell.com,Male,38.135.144.217
15,Anica,Mc Comb,amccombe@sina.com.cn,Female,136.230.57.6
16,Paddie,Denk,pdenkf@ocn.ne.jp,Male,54.8.1.101
17,Melissa,Pattlel,mpattlelg@ucoz.ru,Female,28.230.178.88
18,Freeland,Roy,froyh@psu.edu,Male,206.34.241.184
19,Ted,Hemmingway,themmingwayi@ask.com,Male,132.206.247.152
20,Marsiella,Dobbson,mdobbsonj@businessinsider.com,Female,247.168.238.79
21,Bria,McCuis,bmccuisk@hubpages.com,Female,223.150.155.24
22,Ilka,Vollam,ivollaml@over-blog.com,Female,48.220.242.1
23,Linnet,Eliyahu,leliyahum@un.org,Female,82.207.251.94
24,Jacobo,Mills,jmillsn@mysql.com,Male,172.170.38.28
25,Albie,Gaskarth,agaskartho@scientificamerican.com,Male,232.139.123.52
26,Costa,Hryniewicz,chryniewiczp@europa.eu,Male,29.103.123.49
27,Wadsworth,Shiril,wshirilq@spiegel.de,Male,20.220.120.100
28,Goraud,Culshaw,gculshawr@google.com.hk,Male,212.248.254.5
29,Randolph,Lippini,rlippinis@naver.com,Male,242.154.241.46
30,Malanie,Ilyenko,milyenkot@buzzfeed.com,Female,243.140.74.141
31,Abrahan,MacBean,amacbeanu@ow.ly,Male,146.235.161.47
32,Ryun,McCormick,rmccormickv@mayoclinic.com,Male,177.236.49.243
33,Kelsey,Hildred,khildredw@hp.com,Male,145.72.67.64
34,Cyndi,Ardy,cardyx@networksolutions.com,Female,120.54.147.131
35,Goldy,Jochens,gjochensy@amazon.com,Female,31.125.142.205
36,Guinna,O'Carrol,gocarrolz@liveinternet.ru,Female,108.72.149.85
37,Thane,Balleine,tballeine10@nydailynews.com,Male,54.82.71.251
38,Jourdain,Vipan,jvipan11@ebay.co.uk,Male,91.194.205.243
39,Rustie,Banton,rbanton12@myspace.com,Male,91.133.75.208
40,Klement,Simonetto,ksimonetto13@virginia.edu,Male,198.6.212.110
41,Dulce,Dawes,ddawes14@newsvine.com,Female,23.42.142.23
42,Lee,Mowsdell,lmowsdell15@weebly.com,Male,151.133.221.147
43,Frederic,Raecroft,fraecroft16@stanford.edu,Male,98.51.149.22
44,Cassi,Wrighton,cwrighton17@chron.com,Female,187.192.84.185
45,Karita,Bowkett,kbowkett18@upenn.edu,Female,99.232.71.173
46,Kerrill,Managh,kmanagh19@weebly.com,Female,130.224.230.67
47,Stormy,Votier,svotier1a@fc2.com,Female,145.238.138.102
48,Godart,Mathelin,gmathelin1b@paginegialle.it,Male,245.243.127.46
49,Ulla,Bradane,ubradane1c@domainmarket.com,Female,141.252.180.119
50,Cayla,Mowbury,cmowbury1d@51.la,Female,154.119.23.72
51,Bailie,Priscott,bpriscott1e@un.org,Male,185.100.139.185
52,Wallache,Reedie,wreedie1f@liveinternet.ru,Male,184.148.79.28
53,Darius,Leger,dleger1g@mtv.com,Male,34.192.17.112
54,Kennan,Laird,klaird1h@hibu.com,Male,78.247.86.84
55,Gallagher,Morison,gmorison1i@google.es,Male,126.167.102.188
56,Geno,Wissby,gwissby1j@usda.gov,Male,183.150.73.132
57,Kriste,Burdin,kburdin1k@state.tx.us,Female,91.182.14.28
58,Caldwell,Archibald,carchibald1l@arizona.edu,Male,43.237.63.127
59,Zachery,Winkett,zwinkett1m@msu.edu,Male,4.60.91.40
60,Burton,FitzAlan,bfitzalan1n@weibo.com,Male,183.14.101.35
61,Eben,Pygott,epygott1o@ovh.net,Male,245.48.20.249
62,Gerald,Radbond,gradbond1p@google.com.br,Male,178.57.56.13
63,Jeno,Lear,jlear1q@dedecms.com,Male,225.248.25.112
64,Mabel,Manns,mmanns1r@boston.com,Female,132.51.231.218
65,Francesco,Crehan,fcrehan1s@foxnews.com,Male,170.184.134.117
66,Issiah,O'Rafferty,iorafferty1t@mapquest.com,Male,29.21.208.200
67,Fina,Blemen,fblemen1u@amazon.co.uk,Female,46.143.238.60
68,Adey,Gebby,agebby1v@prweb.com,Female,237.228.102.240
69,Baillie,Davsley,bdavsley1w@rakuten.co.jp,Male,113.180.140.52
70,Rosabella,Holttom,rholttom1x@ucla.edu,Female,255.192.87.16
71,Alexis,Umney,aumney1y@dropbox.com,Male,151.89.122.86
72,Starla,Dring,sdring1z@seesaa.net,Female,15.58.70.85
73,Audrie,Schruyer,aschruyer20@spotify.com,Female,123.42.232.48
74,William,Millson,wmillson21@google.com.au,Male,159.203.105.35
75,Doroteya,O'Mailey,domailey22@facebook.com,Female,214.73.232.172
76,Constantine,Meardon,cmeardon23@blogspot.com,Male,246.120.171.89
77,Dewie,Matthius,dmatthius24@state.gov,Male,243.60.217.175
78,Korella,Upchurch,kupchurch25@dagondesign.com,Female,104.110.49.206
79,Deerdre,Chowne,dchowne26@mayoclinic.com,Female,225.1.0.59
80,Bessie,Bramham,bbramham27@ustream.tv,Female,41.36.137.248
81,Georgianne,Ind,gind28@wufoo.com,Female,28.34.167.17
82,Frans,Yallowley,fyallowley29@nih.gov,Male,195.255.111.72
83,Pavel,Broadbury,pbroadbury2a@state.tx.us,Male,92.234.54.149
84,Lonnard,Netherclift,lnetherclift2b@meetup.com,Male,101.56.77.135
85,Cornie,Scotchbrook,cscotchbrook2c@yale.edu,Female,139.10.12.124
86,Yolanda,Eyeington,yeyeington2d@purevolume.com,Female,36.251.128.253
87,Elise,Thumnel,ethumnel2e@msn.com,Female,233.143.81.153
88,Ode,Scrivinor,oscrivinor2f@msu.edu,Male,231.49.28.44
89,Gisela,Cordero,gcordero2g@cloudflare.com,Female,9.154.167.113
90,Rustin,Baradel,rbaradel2h@ihg.com,Male,101.177.224.125
91,Mommy,Bamford,mbamford2i@instagram.com,Female,14.184.131.96
92,Lida,Grigorey,lgrigorey2j@springer.com,Female,220.155.128.220
93,Iver,Ruggiero,iruggiero2k@samsung.com,Male,93.60.64.19
94,Cariotta,Shearmur,cshearmur2l@privacy.gov.au,Female,157.200.200.165
95,Billie,Loble,bloble2m@t.co,Female,175.161.42.2
96,Karia,Stibbs,kstibbs2n@tmall.com,Female,62.20.171.117
97,Sigrid,O'Tierney,sotierney2o@walmart.com,Female,189.60.31.233
98,Cob,Lilleman,clilleman2p@cnbc.com,Male,92.54.235.178
99,Khalil,Peakman,kpeakman2q@cbslocal.com,Male,130.117.25.156
100,Juana,Durward,jdurward2r@dailymail.co.uk,Female,184.56.16.168
101,Ryann,Burlingame,rburlingame2s@scribd.com,Female,90.128.183.27
102,Franzen,Bristoe,fbristoe2t@wikia.com,Male,129.197.22.154
103,Liesa,Easterby,leasterby2u@sitemeter.com,Female,74.50.4.166
104,Gayel,Slowcock,gslowcock2v@apache.org,Female,150.153.240.64
105,Maureene,Crauford,mcrauford2w@simplemachines.org,Female,183.72.130.184
106,Jolene,Kivell,jkivell2x@hc360.com,Female,222.41.183.218
107,Tomi,Bottoms,tbottoms2y@netscape.com,Female,218.181.21.250
108,Edwin,Nemchinov,enemchinov2z@wikia.com,Male,132.65.143.165
109,Clemmie,Vallentin,cvallentin30@berkeley.edu,Male,206.79.112.100
110,Bengt,Allsupp,ballsupp31@blogtalkradio.com,Male,220.218.119.71
111,Jason,Parlett,jparlett32@slideshare.net,Male,240.46.77.220
112,Goldarina,Corten,gcorten33@bandcamp.com,Female,174.182.96.197
113,Darb,Mackney,dmackney34@aol.com,Male,56.178.253.172
114,Berkie,Gresch,bgresch35@github.com,Male,71.188.107.53
115,Deirdre,Oakhill,doakhill36@nhs.uk,Female,83.20.196.205
116,Patricio,Ringsell,pringsell37@yolasite.com,Male,152.43.84.230
117,Pietrek,Matthensen,pmatthensen38@sun.com,Male,82.36.161.140
118,Nataniel,Gouldie,ngouldie39@mac.com,Male,212.242.57.147
119,Yank,Duthy,yduthy3a@samsung.com,Male,12.65.34.241
120,Marni,Odd,modd3b@dell.com,Female,76.45.253.107
121,Joela,Ball,jball3c@jigsy.com,Female,92.36.155.8
122,Ronni,Hawney,rhawney3d@miitbeian.gov.cn,Female,12.176.81.118
123,Corey,Sibbit,csibbit3e@xing.com,Male,49.230.15.160
124,Theda,Doblin,tdoblin3f@people.com.cn,Female,153.11.155.65
125,Dewitt,Brunt,dbrunt3g@quantcast.com,Male,162.23.26.139
126,Jonell,Fallens,jfallens3h@seattletimes.com,Female,158.17.53.51
127,Ludwig,Hanssmann,lhanssmann3i@vkontakte.ru,Male,187.48.44.11
128,Christina,Ravenshear,cravenshear3j@angelfire.com,Female,81.93.54.202
129,Rachele,Deniso,rdeniso3k@cdbaby.com,Female,72.1.235.15
130,Pearline,Kabsch,pkabsch3l@goo.gl,Female,6.181.156.176
131,Briano,Muzzollo,bmuzzollo3m@timesonline.co.uk,Male,100.42.104.87
132,Elihu,Tomczynski,etomczynski3n@netlog.com,Male,183.246.73.14
133,Gloriana,Tripony,gtripony3o@comsenz.com,Female,231.234.74.97
134,Mead,Adrianello,madrianello3p@ameblo.jp,Female,205.84.145.19
135,Mickie,Quernel,mquernel3q@hugedomains.com,Male,37.110.69.82
136,Cyrus,Billam,cbillam3r@salon.com,Male,70.8.17.237
137,Elana,Strick,estrick3s@nature.com,Female,252.40.226.224
138,Staci,Arnaldi,sarnaldi3t@oaic.gov.au,Female,84.63.236.249
139,Angus,Stadden,astadden3u@blogspot.com,Male,177.62.175.207
140,Demetre,Butterwick,dbutterwick3v@e-recht24.de,Male,68.41.208.176
141,Pattin,Crouse,pcrouse3w@wisc.edu,Male,233.126.183.91
142,Liva,Feben,lfeben3x@theatlantic.com,Female,105.245.127.48
143,Torrey,Nabarro,tnabarro3y@google.com.au,Male,43.152.246.225
144,Hermina,Luxmoore,hluxmoore3z@mayoclinic.com,Female,155.208.121.58
145,Rosanne,Ausher,rausher40@flickr.com,Female,218.155.176.235
146,Idalina,Lysons,ilysons41@edublogs.org,Female,98.185.59.248
147,Huntlee,Perse,hperse42@cargocollective.com,Male,7.180.233.35
148,Rosita,Bordman,rbordman43@alexa.com,Female,171.242.65.243
149,Ive,Hurley,ihurley44@tripod.com,Male,179.54.145.65
150,Bel,Canty,bcanty45@epa.gov,Female,110.255.14.130
151,Dominica,Wingatt,dwingatt46@last.fm,Female,215.191.56.215
152,Nanci,Ranns,nranns47@google.com.br,Female,8.159.229.198
153,Fancy,Blenkinsop,fblenkinsop48@g.co,Female,231.8.85.109
154,Skelly,Howley,showley49@cocolog-nifty.com,Male,82.132.94.240
155,Hussein,Christofides,hchristofides4a@google.co.uk,Male,155.110.242.142
156,Willyt,Sanja,wsanja4b@issuu.com,Female,119.48.66.230
157,Nikita,Borres,nborres4c@ow.ly,Male,98.246.216.178
158,Jude,Dayes,jdayes4d@thetimes.co.uk,Male,86.153.95.255
159,Nikola,Perrie,nperrie4e@va.gov,Male,155.52.134.151
160,Darrell,Vaughan,dvaughan4f@163.com,Male,35.151.210.37
161,Rhonda,Cramphorn,rcramphorn4g@comcast.net,Female,111.38.250.31
162,Mikael,Rakes,mrakes4h@telegraph.co.uk,Male,27.209.82.239
163,Seth,Stiegars,sstiegars4i@delicious.com,Male,128.234.209.22
164,Archambault,Fattore,afattore4j@spotify.com,Male,82.182.126.200
165,Early,Guerner,eguerner4k@bbc.co.uk,Male,133.48.207.179
166,Alonso,Haigh,ahaigh4l@shutterfly.com,Male,220.218.35.102
167,Thacher,Mattek,tmattek4m@mlb.com,Male,252.116.45.177
168,Westley,McLoney,wmcloney4n@yellowbook.com,Male,76.37.10.146
169,Shane,McNeachtain,smcneachtain4o@mashable.com,Male,26.178.62.17
170,Angus,Whitley,awhitley4p@boston.com,Male,152.222.190.1
171,Phylis,Stait,pstait4q@reverbnation.com,Female,28.211.196.88
172,Pietra,Luxon,pluxon4r@ow.ly,Female,131.113.225.155
173,Anne,Minghi,aminghi4s@themeforest.net,Female,252.255.59.213
174,Tobin,Locke,tlocke4t@cnbc.com,Male,59.216.153.91
175,Pate,Poulsom,ppoulsom4u@nba.com,Male,181.100.2.147
176,Godfree,Vian,gvian4v@bing.com,Male,137.71.38.166
177,Cornall,Fockes,cfockes4w@rambler.ru,Male,154.67.101.140
178,Briny,Phillippo,bphillippo4x@adobe.com,Female,36.69.206.41
179,Miller,Greeveson,mgreeveson4y@bloglines.com,Male,22.17.7.242
180,Guillaume,Cowling,gcowling4z@zdnet.com,Male,196.219.25.14
181,Aura,Rolfe,arolfe50@imdb.com,Female,149.73.58.117
182,Siward,Conachy,sconachy51@posterous.com,Male,34.128.154.47
183,Ddene,Baynes,dbaynes52@imdb.com,Female,148.245.4.160
184,Ricki,Sanches,rsanches53@shinystat.com,Male,49.32.28.223
185,Conny,Garcia,cgarcia54@columbia.edu,Male,175.174.45.172
186,Eleonore,Wadsworth,ewadsworth55@bluehost.com,Female,62.230.8.202
187,Issiah,Aartsen,iaartsen56@symantec.com,Male,126.76.226.74
188,Donaugh,Bettesworth,dbettesworth57@fotki.com,Male,238.4.147.255
189,Peria,Goulding,pgoulding58@apple.com,Female,13.189.16.81
190,Saudra,Wasmuth,swasmuth59@upenn.edu,Female,155.82.102.170
191,Shea,Greendale,sgreendale5a@comsenz.com,Male,40.39.68.213
192,Willamina,Camelia,wcamelia5b@newsvine.com,Female,140.12.127.241
193,Muire,Iscowitz,miscowitz5c@google.nl,Female,86.240.199.11
194,Aprilette,O'Crevan,aocrevan5d@homestead.com,Female,82.1.218.88
195,Stace,Wyborn,swyborn5e@reuters.com,Female,169.101.70.232
196,Annemarie,Benthall,abenthall5f@vistaprint.com,Female,255.180.74.215
197,Ernesto,Tiplady,etiplady5g@google.com.au,Male,20.55.250.36
198,Gary,Assel,gassel5h@flickr.com,Male,233.47.79.76
199,Judon,Yourell,jyourell5i@google.com.br,Male,222.204.10.99
200,Dennis,Maharry,dmaharry5j@wikispaces.com,Male,220.12.193.44
201,Gabriela,Carratt,gcarratt5k@spotify.com,Female,137.29.141.216
202,Annemarie,Allaker,aallaker5l@wunderground.com,Female,67.122.5.161
203,Katey,Draper,kdraper5m@apple.com,Female,201.206.120.163
204,Aubine,Snaith,asnaith5n@cmu.edu,Female,188.85.204.93
205,Venita,Melland,vmelland5o@ucoz.com,Female,167.105.31.161
206,Moira,Bostock,mbostock5p@apache.org,Female,218.43.63.190
207,Irena,Sabbatier,isabbatier5q@bizjournals.com,Female,27.236.121.169
208,Edlin,Kiln,ekiln5r@sfgate.com,Male,144.70.130.210
209,Kermy,Cahillane,kcahillane5s@epa.gov,Male,211.161.6.237
210,Emmery,Porteous,eporteous5t@fotki.com,Male,230.129.234.169
211,Cindy,Seacombe,cseacombe5u@state.tx.us,Female,132.30.214.147
212,Haily,Evennett,hevennett5v@delicious.com,Female,101.241.79.159
213,Garrard,Corrie,gcorrie5w@berkeley.edu,Male,13.133.16.195
214,Jodi,Palfery,jpalfery5x@ftc.gov,Female,229.103.70.14
215,Kathryn,Gauch,kgauch5y@printfriendly.com,Female,97.10.219.1
216,Say,De Nisco,sdenisco5z@slate.com,Male,194.241.35.80
217,Cthrine,McKeighen,cmckeighen60@instagram.com,Female,255.192.144.63
218,Berti,Klulicek,bklulicek61@java.com,Female,218.54.202.178
219,Yvor,Powles,ypowles62@is.gd,Male,52.229.120.83
220,Mitch,Andrews,mandrews63@gizmodo.com,Male,224.114.105.24
221,Myranda,Viggers,mviggers64@vimeo.com,Female,60.190.167.120
222,Jarvis,Elstow,jelstow65@tripod.com,Male,122.177.151.126
223,Kandace,MacGillespie,kmacgillespie66@squarespace.com,Female,102.250.16.207
224,Wilfred,Brownsmith,wbrownsmith67@delicious.com,Male,94.205.154.175
225,Armand,Lamerton,alamerton68@ebay.co.uk,Male,192.148.71.245
226,Angel,Schooling,aschooling69@issuu.com,Male,200.189.191.12
227,Chico,Duffree,cduffree6a@infoseek.co.jp,Male,239.186.124.115
228,Fredericka,Lachaize,flachaize6b@instagram.com,Female,70.98.9.63
229,Arlyne,Castelluzzi,acastelluzzi6c@mtv.com,Female,178.72.120.176
230,Bliss,Halladay,bhalladay6d@java.com,Female,211.194.149.85
231,Janelle,Moultrie,jmoultrie6e@skype.com,Female,84.62.220.143
232,Shana,Scimoni,sscimoni6f@wp.com,Female,36.210.169.216
233,Lizabeth,Hutcheon,lhutcheon6g@studiopress.com,Female,1.212.41.101
234,Valle,Linnane,vlinnane6h@usda.gov,Male,95.133.1.170
235,Alick,Lempke,alempke6i@g.co,Male,207.91.23.179
236,Phoebe,Garfield,pgarfield6j@aol.com,Female,247.17.188.243
237,Aura,Primrose,aprimrose6k@nasa.gov,Female,103.221.146.200
238,Isaiah,Spadari,ispadari6l@answers.com,Male,148.255.199.22
239,Lisle,Etuck,letuck6m@vistaprint.com,Male,249.138.164.172
240,Dawna,Lally,dlally6n@123-reg.co.uk,Female,58.246.133.55
241,Allyn,Marritt,amarritt6o@boston.com,Female,119.220.151.81
242,Vivian,MacDearmont,vmacdearmont6p@columbia.edu,Female,227.231.238.103
243,Myrtice,Staner,mstaner6q@ask.com,Female,234.190.222.111
244,Verile,Wadley,vwadley6r@nydailynews.com,Female,125.126.62.117
245,Virgil,Barsby,vbarsby6s@dion.ne.jp,Male,34.238.61.236
246,Jasun,Pavis,jpavis6t@about.me,Male,100.79.227.111
247,Lothario,McCalum,lmccalum6u@arstechnica.com,Male,137.4.197.73
248,Harwilll,Grimmett,hgrimmett6v@stanford.edu,Male,181.198.166.192
249,Rozella,Pears,rpears6w@nyu.edu,Female,40.102.97.8
250,Marrilee,Crighton,mcrighton6x@omniture.com,Female,32.136.233.206
251,Boy,Clineck,bclineck6y@jiathis.com,Male,58.94.94.86
252,Chelsea,Philippou,cphilippou6z@bbc.co.uk,Female,135.243.195.153
253,Marielle,Bolwell,mbolwell70@eepurl.com,Female,230.43.120.81
254,Dix,Cuttings,dcuttings71@ibm.com,Female,176.148.71.18
255,Karina,Legan,klegan72@amazon.co.uk,Female,64.250.147.67
256,Derry,Lahiff,dlahiff73@wikipedia.org,Male,138.245.235.83
257,Pierson,Murton,pmurton74@imageshack.us,Male,242.23.20.107
258,Reg,Wrixon,rwrixon75@bluehost.com,Male,55.15.159.119
259,Ricard,Drynan,rdrynan76@uiuc.edu,Male,62.5.229.8
260,Melantha,Juggins,mjuggins77@washington.edu,Female,161.1.120.61
261,Jasun,Parke,jparke78@opera.com,Male,120.198.32.168
262,Krystle,Gillino,kgillino79@ebay.co.uk,Female,184.188.34.64
263,Jonas,Hanstock,jhanstock7a@uol.com.br,Male,242.101.88.19
264,Kerr,O'Fairy,kofairy7b@indiegogo.com,Male,248.105.205.189
265,Emmett,Trayford,etrayford7c@comcast.net,Male,68.195.63.14
266,Gerik,Ostridge,gostridge7d@hubpages.com,Male,32.154.178.119
267,Tallulah,Dalinder,tdalinder7e@bluehost.com,Female,246.217.172.130
268,Osbourn,Silburn,osilburn7f@hp.com,Male,128.41.69.193
269,Xever,Tyt,xtyt7g@hao123.com,Male,45.184.69.123
270,Lari,Hagart,lhagart7h@qq.com,Female,114.55.74.122
271,Sibella,McQuilliam,smcquilliam7i@xinhuanet.com,Female,94.175.82.93
272,Malachi,Redwing,mredwing7j@economist.com,Male,152.114.190.150
273,Mellisent,Verbrugge,mverbrugge7k@list-manage.com,Female,24.205.242.4
274,Sharity,McMurdo,smcmurdo7l@usgs.gov,Female,185.226.149.215
275,Coleman,Robson,crobson7m@mail.ru,Male,125.83.205.113
276,Alyda,Dood,adood7n@stanford.edu,Female,187.196.91.59
277,Lurline,Fiske,lfiske7o@shutterfly.com,Female,175.44.71.138
278,Robers,Edworthie,redworthie7p@mediafire.com,Male,155.0.227.37
279,Kip,Broomfield,kbroomfield7q@nationalgeographic.com,Male,1.225.244.255
280,Silvana,Maylott,smaylott7r@thetimes.co.uk,Female,213.34.185.34
281,Stephanus,Itskovitz,sitskovitz7s@ucoz.ru,Male,243.185.241.122
282,Cullen,Havill,chavill7t@unicef.org,Male,190.151.83.254
283,Ahmed,Farrey,afarrey7u@google.it,Male,98.213.133.191
284,Noach,Jeffes,njeffes7v@businessinsider.com,Male,74.33.156.9
285,Mella,Mulles,mmulles7w@linkedin.com,Female,233.19.241.154
286,Padgett,Greening,pgreening7x@quantcast.com,Male,47.186.156.210
287,Klement,Maffini,kmaffini7y@smh.com.au,Male,34.57.1.46
288,Codi,Wiggett,cwiggett7z@timesonline.co.uk,Male,87.219.154.193
289,Nancey,Budnik,nbudnik80@360.cn,Female,14.136.100.158
290,Susanna,Sparke,ssparke81@dagondesign.com,Female,161.98.223.114
291,Guilbert,Engall,gengall82@plala.or.jp,Male,229.182.55.21
292,Dynah,Tiesman,dtiesman83@bbb.org,Female,96.58.49.222
293,Shaine,Trowl,strowl84@who.int,Male,81.209.75.102
294,Whitney,Liff,wliff85@theatlantic.com,Female,252.86.153.76
295,Klarika,Akerman,kakerman86@newsvine.com,Female,215.24.153.146
296,Nance,Riditch,nriditch87@comcast.net,Female,48.107.51.42
297,Nona,Kuhle,nkuhle88@scribd.com,Female,46.60.196.205
298,Bronny,Bahl,bbahl89@facebook.com,Male,52.201.118.74
299,Archibald,Newton,anewton8a@eepurl.com,Male,71.85.196.208
300,Tiffie,Perryn,tperryn8b@hibu.com,Female,179.10.225.125
301,Christin,Jerrams,cjerrams8c@usatoday.com,Female,11.51.91.95
302,Daven,Mc Curlye,dmccurlye8d@digg.com,Male,99.40.132.233
303,Davin,Swatradge,dswatradge8e@php.net,Male,130.106.199.32
304,Nicolis,Westphalen,nwestphalen8f@guardian.co.uk,Male,37.254.27.58
305,Perren,Kiddey,pkiddey8g@soundcloud.com,Male,177.229.160.98
306,Stefanie,Barter,sbarter8h@ycombinator.com,Female,79.239.219.126
307,Marena,Berney,mberney8i@cyberchimps.com,Female,2.249.166.42
308,Renell,Katz,rkatz8j@skyrock.com,Female,80.100.153.83
309,Diego,Benedidick,dbenedidick8k@linkedin.com,Male,102.174.37.174
310,Jamison,Ravenshaw,jravenshaw8l@multiply.com,Male,9.238.194.90
311,Kelcey,Sexti,ksexti8m@intel.com,Female,7.3.11.19
312,Jonah,Scutching,jscutching8n@prweb.com,Male,56.73.153.14
313,Jone,Scaife,jscaife8o@4shared.com,Male,47.92.103.149
314,Goldarina,Auten,gauten8p@statcounter.com,Female,232.122.108.202
315,Desiree,Odegaard,dodegaard8q@dell.com,Female,36.34.26.159
316,Erminie,Frackiewicz,efrackiewicz8r@livejournal.com,Female,147.34.141.49
317,Rudiger,O'Carmody,rocarmody8s@newyorker.com,Male,50.240.166.196
318,Kirstyn,Marion,kmarion8t@chronoengine.com,Female,59.153.222.62
319,Cissy,Jerisch,cjerisch8u@chronoengine.com,Female,173.74.132.193
320,Mendie,Scrooby,mscrooby8v@cloudflare.com,Male,78.156.189.110
321,Kelbee,Bellson,kbellson8w@ow.ly,Male,176.103.121.91
322,Daniela,Squibb,dsquibb8x@japanpost.jp,Female,194.13.187.148
323,Joby,Lattos,jlattos8y@imageshack.us,Female,39.99.79.213
324,Clare,Brason,cbrason8z@time.com,Male,246.31.71.117
325,Estele,Norcop,enorcop90@gov.uk,Female,28.93.193.164
326,Huntlee,Gruszczak,hgruszczak91@upenn.edu,Male,166.24.210.106
327,Isobel,Twyford,itwyford92@networksolutions.com,Female,21.19.174.73
328,Erin,Dinnington,edinnington93@blogspot.com,Female,44.52.171.10
329,Bartholemy,Moatt,bmoatt94@businessinsider.com,Male,230.167.119.171
330,Shelia,Duell,sduell95@chicagotribune.com,Female,198.74.11.25
331,Hurley,Crispin,hcrispin96@cnn.com,Male,55.168.5.12
332,Elle,Jirek,ejirek97@jiathis.com,Female,27.127.205.45
333,Teodorico,Sikorsky,tsikorsky98@abc.net.au,Male,175.125.67.200
334,Emmett,Anstiss,eanstiss99@ucla.edu,Male,157.118.48.121
335,Freemon,Dillinger,fdillinger9a@meetup.com,Male,117.157.213.149
336,Jethro,Haggleton,jhaggleton9b@zdnet.com,Male,110.23.247.22
337,Coriss,Clementucci,cclementucci9c@ask.com,Female,15.224.44.81
338,Pennie,Brunt,pbrunt9d@google.it,Male,18.156.201.107
339,Esme,McAnellye,emcanellye9e@e-recht24.de,Male,57.116.186.13
340,Laverna,Boodle,lboodle9f@odnoklassniki.ru,Female,26.27.216.168
341,Elinor,Skae,eskae9g@mail.ru,Female,43.146.181.56
342,Ardys,Pasby,apasby9h@china.com.cn,Female,30.195.55.85
343,Ernst,Haggerston,ehaggerston9i@infoseek.co.jp,Male,162.37.59.8
344,Orlan,Pontin,opontin9j@sbwire.com,Male,16.132.243.76
345,Anett,Sterman,asterman9k@businesswire.com,Female,194.179.1.191
346,Donovan,Rhule,drhule9l@so-net.ne.jp,Male,76.220.134.19
347,Rubin,McMurrugh,rmcmurrugh9m@smh.com.au,Male,20.64.62.3
348,Laryssa,Aronow,laronow9n@liveinternet.ru,Female,196.83.149.29
349,Octavia,Duff,oduff9o@vistaprint.com,Female,195.174.98.195
350,Ammamaria,McGrann,amcgrann9p@hud.gov,Female,102.201.94.177
351,Sabrina,Bechley,sbechley9q@prlog.org,Female,65.29.115.26
352,Averil,Grocock,agrocock9r@webmd.com,Female,197.198.176.66
353,Mozes,Figure,mfigure9s@ovh.net,Male,34.2.209.85
354,Annabel,Doxsey,adoxsey9t@behance.net,Female,52.40.85.137
355,Abdul,Pittem,apittem9u@aol.com,Male,150.138.34.131
356,Berta,Astles,bastles9v@ameblo.jp,Female,23.178.246.69
357,Carlina,McPike,cmcpike9w@usgs.gov,Female,44.222.38.80
358,Jeffie,Scantleberry,jscantleberry9x@google.pl,Male,121.171.210.90
359,Florida,Quimby,fquimby9y@cbc.ca,Female,204.11.184.231
360,Olive,Spyer,ospyer9z@google.com,Female,15.92.83.170
361,Brooks,Marton,bmartona0@parallels.com,Female,14.177.128.26
362,Marcelo,Warnock,mwarnocka1@reddit.com,Male,113.65.81.65
363,Salome,Farnall,sfarnalla2@smh.com.au,Female,253.205.20.48
364,Fernandina,Littlejohns,flittlejohnsa3@miitbeian.gov.cn,Female,16.51.156.147
365,Reece,Worsnip,rworsnipa4@tiny.cc,Male,162.23.44.158
366,Teresa,Englishby,tenglishbya5@ebay.co.uk,Female,67.149.234.168
367,Daryl,Breitler,dbreitlera6@marketwatch.com,Male,98.182.171.127
368,Ardene,Bertome,abertomea7@github.io,Female,251.110.42.214
369,Nanete,Moules,nmoulesa8@soundcloud.com,Female,29.160.153.103
370,Bank,Sidden,bsiddena9@vk.com,Male,125.72.34.196
371,Kristofer,Ralston,kralstonaa@mapquest.com,Male,37.225.98.122
372,Jackie,Grece,jgreceab@themeforest.net,Female,215.77.190.237
373,Ricardo,Scawen,rscawenac@plala.or.jp,Male,147.255.43.186
374,Selina,Whitlaw,swhitlawad@oracle.com,Female,31.52.89.215
375,Clayborn,Lorden,clordenae@ted.com,Male,244.201.90.108
376,Osbourne,Delf,odelfaf@creativecommons.org,Male,245.231.211.226
377,Aileen,Back,abackag@diigo.com,Female,72.248.233.241
378,Chrotoem,Cambell,ccambellah@columbia.edu,Male,45.45.134.156
379,Dorrie,McGilvra,dmcgilvraai@addthis.com,Female,0.77.223.125
380,Mil,Probbing,mprobbingaj@bbb.org,Female,63.159.183.81
381,Lucien,Kilkenny,lkilkennyak@ucoz.ru,Male,254.38.119.2
382,Wilfred,Gusney,wgusneyal@gov.uk,Male,27.119.65.71
383,Donal,Steptoe,dsteptoeam@wix.com,Male,133.162.87.225
384,Rosabelle,Demaid,rdemaidan@chronoengine.com,Female,14.213.177.22
385,Janifer,Scurry,jscurryao@indiegogo.com,Female,148.12.5.50
386,Trip,Pattison,tpattisonap@prnewswire.com,Male,72.180.155.162
387,Nerte,Jager,njageraq@apache.org,Female,151.33.211.148
388,Clerissa,Carnier,ccarnierar@infoseek.co.jp,Female,3.181.0.149
389,Felicio,Hartwright,fhartwrightas@skype.com,Male,100.232.116.236
390,Babbie,Pettendrich,bpettendrichat@creativecommons.org,Female,2.59.108.159
391,Meyer,Presnall,mpresnallau@nba.com,Male,154.203.168.118
392,Hazel,Dannel,hdannelav@state.tx.us,Female,226.105.226.198
393,Charis,Tame,ctameaw@aol.com,Female,43.85.42.9
394,Stephanus,Cockman,scockmanax@jugem.jp,Male,23.161.240.226
395,Merle,Cattlow,mcattloway@cyberchimps.com,Male,213.153.180.215
396,Gerik,Golly,ggollyaz@quantcast.com,Male,154.43.233.18
397,Modesta,Vears,mvearsb0@statcounter.com,Female,117.101.162.107
398,Katy,Addyman,kaddymanb1@tamu.edu,Female,38.221.97.125
399,Pennie,Maingot,pmaingotb2@mozilla.com,Male,232.133.163.212
400,Ferdinande,MacNaughton,fmacnaughtonb3@earthlink.net,Female,3.172.119.123
401,Farly,Wooff,fwooffb4@upenn.edu,Male,163.218.66.176
402,Noelyn,Parlour,nparlourb5@miibeian.gov.cn,Female,138.207.237.136
403,Gene,Khomishin,gkhomishinb6@google.com,Male,84.98.144.122
404,Dex,Teulier,dteulierb7@exblog.jp,Male,155.208.255.21
405,Saidee,Fishly,sfishlyb8@webmd.com,Female,189.157.85.110
406,Delaney,Sandiford,dsandifordb9@weather.com,Male,19.102.163.15
407,Ted,Escoffier,tescoffierba@moonfruit.com,Female,213.149.201.194
408,Carl,Ebbage,cebbagebb@vkontakte.ru,Male,198.100.41.6
409,Brittne,Cariss,bcarissbc@scribd.com,Female,144.138.146.174
410,Anet,Fleetham,afleethambd@freewebs.com,Female,112.240.210.123
411,Benedetto,Mallam,bmallambe@taobao.com,Male,109.126.219.55
412,Darcey,Enion,denionbf@baidu.com,Female,41.76.195.129
413,Merrill,Perrie,mperriebg@cdc.gov,Male,247.253.199.109
414,Royall,MacDirmid,rmacdirmidbh@diigo.com,Male,47.185.186.195
415,Durward,Normavill,dnormavillbi@ucla.edu,Male,160.9.228.224
416,Clifford,Varah,cvarahbj@skyrock.com,Male,103.154.202.250
417,Jarrod,Dallander,jdallanderbk@hp.com,Male,245.116.170.145
418,Miltie,Delgado,mdelgadobl@hugedomains.com,Male,119.189.118.9
419,Jerrilee,Pavlata,jpavlatabm@kickstarter.com,Female,80.4.233.204
420,Amata,Curneen,acurneenbn@google.pl,Female,91.4.85.106
421,Florentia,Maybury,fmayburybo@shop-pro.jp,Female,138.116.192.104
422,Shanon,Goulborne,sgoulbornebp@washingtonpost.com,Female,134.229.55.203
423,Linn,Salter,lsalterbq@mlb.com,Female,7.228.174.224
424,Lorettalorna,Wallenger,lwallengerbr@ucoz.com,Female,18.126.146.49
425,Jonathon,Robbel,jrobbelbs@nifty.com,Male,252.85.213.241
426,Linda,Henriksson,lhenrikssonbt@theglobeandmail.com,Female,162.222.27.187
427,Brynn,Praton,bpratonbu@domainmarket.com,Female,206.91.224.218
428,Cece,Obey,cobeybv@cyberchimps.com,Male,30.217.95.111
429,Charissa,Finders,cfindersbw@dion.ne.jp,Female,200.251.43.248
430,Meir,Lowndsborough,mlowndsboroughbx@alexa.com,Male,207.144.166.37
431,Sandie,Aubray,saubrayby@google.com.br,Female,28.69.11.12
432,Hasty,Pierson,hpiersonbz@baidu.com,Male,184.86.25.32
433,Dani,Petofi,dpetofic0@webnode.com,Female,18.32.230.58
434,Brittan,Airy,bairyc1@smugmug.com,Female,11.241.188.123
435,Lanie,Red,lredc2@huffingtonpost.com,Male,144.109.207.133
436,Lorelle,Newiss,lnewissc3@mozilla.com,Female,180.5.21.99
437,Julieta,Kinastan,jkinastanc4@yelp.com,Female,220.92.182.176
438,Lothario,Woodman,lwoodmanc5@mysql.com,Male,228.57.53.197
439,Sibylle,Shory,sshoryc6@phoca.cz,Female,152.9.70.115
440,Leicester,Scales,lscalesc7@washingtonpost.com,Male,130.208.201.190
441,Valentino,Pawelek,vpawelekc8@hud.gov,Male,239.185.177.254
442,Jephthah,Cassius,jcassiusc9@nsw.gov.au,Male,125.130.163.231
443,Talyah,Oller,tollerca@washington.edu,Female,97.170.226.19
444,Minni,Goodbarne,mgoodbarnecb@techcrunch.com,Female,22.252.160.7
445,Bailie,Drewery,bdrewerycc@quantcast.com,Male,252.43.180.49
446,Jonas,Dimberline,jdimberlinecd@wp.com,Male,2.93.122.144
447,Adelaide,Hayer,ahayerce@com.com,Female,247.242.52.75
448,Gerta,Georgievski,ggeorgievskicf@nhs.uk,Female,156.235.16.253
449,Ferdinande,Lowis,flowiscg@ehow.com,Female,82.207.205.203
450,Tan,Kinzel,tkinzelch@forbes.com,Male,155.221.71.167
451,Karlene,Jepensen,kjepensenci@chronoengine.com,Female,96.221.212.64
452,Alanah,Stammer,astammercj@tripadvisor.com,Female,183.107.36.89
453,Yvonne,Pantecost,ypantecostck@globo.com,Female,130.130.230.69
454,Jessalin,Welman,jwelmancl@zdnet.com,Female,175.59.198.13
455,Grange,Loraine,glorainecm@discovery.com,Male,105.175.7.113
456,Guthrie,Scotchmor,gscotchmorcn@youtu.be,Male,16.235.51.195
457,Aldwin,Raveau,araveauco@cpanel.net,Male,11.25.131.228
458,Nil,Letty,nlettycp@ning.com,Male,209.73.28.60
459,Elston,Spaule,espaulecq@4shared.com,Male,36.69.113.130
460,Alvinia,Corkitt,acorkittcr@state.gov,Female,212.207.49.37
461,Lee,Dalgetty,ldalgettycs@dell.com,Male,68.250.52.115
462,Shell,Cowderoy,scowderoyct@opera.com,Female,230.58.80.9
463,Bar,Doddrell,bdoddrellcu@census.gov,Male,130.193.131.186
464,Xever,Sprankling,xspranklingcv@hp.com,Male,146.166.211.148
465,Garreth,Kienzle,gkienzlecw@slideshare.net,Male,196.203.148.94
466,Charlene,Kinchlea,ckinchleacx@umn.edu,Female,128.70.167.79
467,Asa,Vequaud,avequaudcy@fc2.com,Male,125.215.154.51
468,Giralda,Janikowski,gjanikowskicz@cmu.edu,Female,79.153.148.108
469,Dory,Paylie,dpaylied0@cdc.gov,Male,12.59.103.130
470,Sibley,Bampton,sbamptond1@nba.com,Female,48.185.83.88
471,Leicester,Brixey,lbrixeyd2@myspace.com,Male,80.68.111.84
472,Sadie,Blomfield,sblomfieldd3@ifeng.com,Female,12.252.118.49
473,Ignazio,Beaglehole,ibeagleholed4@studiopress.com,Male,173.212.61.209
474,Aldridge,Stive,astived5@people.com.cn,Male,87.3.89.41
475,Lyman,Chalfant,lchalfantd6@census.gov,Male,139.0.43.224
476,Ottilie,Scarisbrick,oscarisbrickd7@cbc.ca,Female,203.8.193.72
477,Alaine,Kirk,akirkd8@scientificamerican.com,Female,107.112.236.76
478,Tera,Huntriss,thuntrissd9@nifty.com,Female,81.107.143.100
479,Sofie,Mardall,smardallda@netscape.com,Female,129.209.62.127
480,Lib,Lachaize,llachaizedb@studiopress.com,Female,19.105.113.186
481,Terri,Jendrich,tjendrichdc@sohu.com,Female,40.108.41.26
482,Rudolf,Oliveti,rolivetidd@businesswire.com,Male,55.62.17.212
483,Bryana,O'Hallagan,bohallagande@dagondesign.com,Female,211.53.102.42
484,Perkin,Yakubov,pyakubovdf@mlb.com,Male,55.57.11.78
485,Meara,Venard,mvenarddg@woothemes.com,Female,253.247.134.194
486,Willey,Kolak,wkolakdh@forbes.com,Male,224.112.24.7
487,Catlin,Fitt,cfittdi@amazon.com,Female,165.142.160.40
488,Darryl,Sherborn,dsherborndj@rakuten.co.jp,Female,122.25.1.113
489,Madge,Lamming,mlammingdk@upenn.edu,Female,229.210.220.205
490,Ginny,Hazley,ghazleydl@nsw.gov.au,Female,51.55.92.235
491,Shannon,Lemmon,slemmondm@angelfire.com,Female,64.24.66.68
492,Donnie,Wardroper,dwardroperdn@phpbb.com,Female,122.17.91.118
493,Osbourne,Dyball,odyballdo@cdbaby.com,Male,166.82.255.83
494,Heath,Dorin,hdorindp@topsy.com,Male,181.22.71.164
495,Alberto,Husband,ahusbanddq@ed.gov,Male,0.110.212.169
496,Murvyn,Olivey,moliveydr@hhs.gov,Male,72.212.48.139
497,Kristin,Ahrendsen,kahrendsends@google.com,Female,34.163.164.45
498,Brennan,Muat,bmuatdt@icq.com,Male,198.21.102.160
499,Neall,Esterbrook,nesterbrookdu@de.vu,Male,15.193.98.213
500,Caralie,Claremont,cclaremontdv@mtv.com,Female,137.242.207.220
501,Jerrilee,Rushmare,jrushmaredw@hubpages.com,Female,222.112.155.32
502,Barnett,Mummery,bmummerydx@bluehost.com,Male,229.188.218.101
503,Jannelle,Crinson,jcrinsondy@liveinternet.ru,Female,144.242.36.31
504,Thorsten,Ferry,tferrydz@cloudflare.com,Male,76.128.27.206
505,Billi,Echlin,bechline0@gov.uk,Female,218.179.16.253
506,Andrea,Ascrofte,aascroftee1@soup.io,Female,101.2.243.22
507,Ronni,Meugens,rmeugense2@unesco.org,Female,84.82.57.21
508,Rriocard,Whiston,rwhistone3@clickbank.net,Male,157.155.100.22
509,Brittani,Writer,bwritere4@bloomberg.com,Female,110.191.131.99
510,Gerardo,Pallent,gpallente5@sohu.com,Male,248.102.236.69
511,Jeffrey,Escot,jescote6@slideshare.net,Male,85.9.50.28
512,Adria,Piddlesden,apiddlesdene7@chronoengine.com,Female,120.12.76.213
513,Ricki,Pitkins,rpitkinse8@hatena.ne.jp,Male,225.71.18.7
514,Mack,Elvish,melvishe9@scientificamerican.com,Male,200.240.246.127
515,Harcourt,Kneal,hknealea@geocities.jp,Male,130.66.32.87
516,Allard,Storie,astorieeb@reference.com,Male,74.96.163.93
517,Morrie,Tommei,mtommeiec@domainmarket.com,Male,13.122.10.11
518,Kassey,Emby,kembyed@columbia.edu,Female,52.171.155.44
519,Robena,Shalcros,rshalcrosee@netvibes.com,Female,223.148.104.51
520,Delbert,Alway,dalwayef@google.ca,Male,11.252.153.105
521,Tedra,Glasser,tglassereg@time.com,Female,101.252.235.88
522,Cortney,Altham,calthameh@shareasale.com,Female,244.226.187.124
523,Keefer,Mahody,kmahodyei@addthis.com,Male,205.1.182.89
524,Ardelia,Spadelli,aspadelliej@mapy.cz,Female,112.113.77.112
525,Johannah,MacConneely,jmacconneelyek@tripadvisor.com,Female,225.182.26.79
526,Dacey,Abbati,dabbatiel@symantec.com,Female,99.7.209.43
527,Tommy,Gatland,tgatlandem@google.co.uk,Male,72.92.8.185
528,Cory,Judron,cjudronen@flickr.com,Male,29.248.135.209
529,Otho,Semor,osemoreo@bbc.co.uk,Male,184.85.21.189
530,Maible,Simmell,msimmellep@hatena.ne.jp,Female,219.163.192.114
531,Urbano,Jenman,ujenmaneq@csmonitor.com,Male,17.71.209.14
532,Dara,MacAulay,dmacaulayer@ucoz.com,Female,12.151.248.21
533,Giana,Adenot,gadenotes@ehow.com,Female,210.198.154.64
534,Ronald,Penas,rpenaset@ucsd.edu,Male,213.125.173.84
535,Lorrie,Noad,lnoadeu@disqus.com,Male,129.151.122.77
536,Danny,Renish,drenishev@nytimes.com,Male,24.47.185.214
537,Wit,MacPharlain,wmacpharlainew@printfriendly.com,Male,211.188.242.16
538,Whitaker,McArdell,wmcardellex@omniture.com,Male,211.200.245.41
539,Gardy,Fitch,gfitchey@skype.com,Male,25.146.1.37
540,Gabe,Unsworth,gunsworthez@narod.ru,Male,220.34.226.51
541,Kerstin,Glennard,kglennardf0@usnews.com,Female,199.90.187.231
542,Alix,Margrie,amargrief1@infoseek.co.jp,Male,154.208.138.52
543,Ofilia,Longmate,olongmatef2@paypal.com,Female,44.85.227.66
544,Del,Willis,dwillisf3@trellian.com,Female,197.84.240.178
545,Marmaduke,Persitt,mpersittf4@yelp.com,Male,66.137.172.21
546,Ethe,McCarrell,emccarrellf5@upenn.edu,Male,125.253.242.41
547,Aubry,Hulbert,ahulbertf6@elegantthemes.com,Female,131.42.182.251
548,Tremayne,Deetch,tdeetchf7@linkedin.com,Male,125.180.141.168
549,Sanson,Dinkin,sdinkinf8@springer.com,Male,111.7.228.155
550,Ardra,Lomb,alombf9@yellowbook.com,Female,156.128.144.6
551,Mel,Jonson,mjonsonfa@columbia.edu,Male,23.147.11.176
552,Ethe,Stanbridge,estanbridgefb@shutterfly.com,Male,136.157.195.24
553,Thomas,McRobbie,tmcrobbiefc@biblegateway.com,Male,37.1.203.66
554,Bartlet,McKeefry,bmckeefryfd@altervista.org,Male,89.139.149.108
555,Peder,Leibold,pleiboldfe@comcast.net,Male,237.9.227.217
556,Phillipp,Georges,pgeorgesff@aboutads.info,Male,87.217.242.43
557,Templeton,Corner,tcornerfg@statcounter.com,Male,142.51.99.206
558,Alexei,Varren,avarrenfh@miitbeian.gov.cn,Male,79.108.137.5
559,Gianina,Ovenell,govenellfi@meetup.com,Female,0.207.241.40
560,Kaylil,Lidgard,klidgardfj@mayoclinic.com,Female,85.209.242.100
561,Delia,Jopson,djopsonfk@linkedin.com,Female,168.47.167.96
562,Manny,Rutledge,mrutledgefl@biglobe.ne.jp,Male,39.209.4.12
563,Peirce,Swetmore,pswetmorefm@oakley.com,Male,15.241.114.143
564,Maurizio,Jozwiak,mjozwiakfn@ihg.com,Male,202.24.135.163
565,Adam,Genever,ageneverfo@mapquest.com,Male,140.113.175.130
566,Gregoire,Bletso,gbletsofp@dropbox.com,Male,255.86.158.156
567,Aguistin,Cubuzzi,acubuzzifq@howstuffworks.com,Male,182.105.84.168
568,Sharity,Pengelley,spengelleyfr@github.io,Female,228.0.164.191
569,Dominique,Marchment,dmarchmentfs@nifty.com,Female,139.131.62.90
570,Thibaud,Blaxley,tblaxleyft@answers.com,Male,149.119.234.229
571,Nobie,Brassill,nbrassillfu@ed.gov,Male,109.35.173.111
572,Jilleen,Kristufek,jkristufekfv@netscape.com,Female,25.10.193.174
573,Gene,Wilce,gwilcefw@ucla.edu,Female,194.30.19.71
574,Sella,Bondley,sbondleyfx@stanford.edu,Female,193.24.69.15
575,Eve,Houlden,ehouldenfy@google.com.br,Female,240.155.2.177
576,Ruddie,Ivankovic,rivankovicfz@toplist.cz,Male,84.74.114.65
577,Felita,Brandacci,fbrandaccig0@oakley.com,Female,216.8.175.86
578,Rafaello,Stanwix,rstanwixg1@techcrunch.com,Male,230.55.220.38
579,Ferdinand,Tipling,ftiplingg2@symantec.com,Male,121.8.161.5
580,Derek,Pellamonuten,dpellamonuteng3@hugedomains.com,Male,139.164.110.184
581,Anton,Cawte,acawteg4@oracle.com,Male,243.248.66.98
582,Dorrie,Whittingham,dwhittinghamg5@blogspot.com,Female,115.167.126.111
583,Ryann,Huortic,rhuorticg6@umn.edu,Female,87.216.53.223
584,Giustino,Choudhury,gchoudhuryg7@globo.com,Male,85.8.26.69
585,Philbert,Botcherby,pbotcherbyg8@google.es,Male,217.121.189.52
586,Cyndi,Eles,celesg9@flavors.me,Female,244.105.94.48
587,Broddy,Iacovone,biacovonega@hp.com,Male,53.244.234.253
588,Ninnetta,Bissex,nbissexgb@weebly.com,Female,164.141.195.103
589,Vonnie,Vearncomb,vvearncombgc@nhs.uk,Female,100.219.109.63
590,Arlinda,Bangham,abanghamgd@shutterfly.com,Female,10.10.152.2
591,Christin,Sapir,csapirge@cloudflare.com,Female,181.162.240.242
592,Hyatt,Flanner,hflannergf@devhub.com,Male,49.170.140.98
593,Kaylil,Liddon,kliddongg@digg.com,Female,19.181.125.251
594,Goldi,Jumont,gjumontgh@sourceforge.net,Female,219.205.190.177
595,Rodd,Pitchers,rpitchersgi@blogspot.com,Male,45.50.171.245
596,Kalindi,Pithie,kpithiegj@walmart.com,Female,30.96.163.252
597,Sheff,Jira,sjiragk@alexa.com,Male,245.210.86.211
598,Minetta,Hudghton,mhudghtongl@buzzfeed.com,Female,207.43.62.8
599,Ronnica,Oddie,roddiegm@mayoclinic.com,Female,29.121.200.21
600,Jemmie,Eaglen,jeaglengn@bizjournals.com,Female,230.132.13.134
601,Candide,Wavell,cwavellgo@miibeian.gov.cn,Female,223.74.169.70
602,Pavia,Jouanny,pjouannygp@moonfruit.com,Female,158.62.15.130
603,Randie,Southam,rsouthamgq@usgs.gov,Male,71.136.123.231
604,Willette,Sawer,wsawergr@csmonitor.com,Female,129.233.111.204
605,Ware,Preuvost,wpreuvostgs@google.ru,Male,58.185.209.172
606,Zonda,Hellmore,zhellmoregt@cornell.edu,Female,193.100.63.182
607,Rebbecca,Follett,rfollettgu@blog.com,Female,156.187.230.116
608,Tommie,Freezor,tfreezorgv@abc.net.au,Male,37.137.228.153
609,Fifine,Jenicek,fjenicekgw@so-net.ne.jp,Female,20.242.43.28
610,Trenton,Stonehewer,tstonehewergx@csmonitor.com,Male,34.131.123.189
611,Angele,Lockwood,alockwoodgy@sun.com,Female,22.104.66.63
612,Jarred,Minet,jminetgz@wikipedia.org,Male,98.32.242.110
613,Karole,Quaintance,kquaintanceh0@sogou.com,Female,189.29.111.226
614,Lisa,Trussman,ltrussmanh1@ovh.net,Female,153.247.29.11
615,Fabe,Montier,fmontierh2@oakley.com,Male,228.228.69.56
616,Michaella,Mullender,mmullenderh3@last.fm,Female,106.116.40.98
617,Claudette,Ubsdell,cubsdellh4@ihg.com,Female,232.177.107.5
618,Shani,Grenkov,sgrenkovh5@howstuffworks.com,Female,27.136.214.243
619,Miner,Petroulis,mpetroulish6@seattletimes.com,Male,158.232.138.107
620,Hobart,Deackes,hdeackesh7@blog.com,Male,130.34.188.166
621,Anna-maria,Pegg,apeggh8@geocities.jp,Female,19.24.71.71
622,Leslie,Laville,llavilleh9@yellowpages.com,Female,254.219.74.188
623,Cymbre,Borsi,cborsiha@symantec.com,Female,98.6.233.61
624,Donnie,Heifer,dheiferhb@sbwire.com,Male,88.244.208.152
625,Reina,Ceaser,rceaserhc@com.com,Female,253.32.16.173
626,Haywood,Hudghton,hhudghtonhd@angelfire.com,Male,126.30.49.104
627,Harald,Summerson,hsummersonhe@fda.gov,Male,228.193.19.93
628,Vinson,Malyan,vmalyanhf@slashdot.org,Male,17.10.238.165
629,Yvette,Gravestone,ygravestonehg@ask.com,Female,179.188.148.19
630,Vivienne,Signoret,vsignorethh@mozilla.com,Female,252.107.35.28
631,Editha,Wooffinden,ewooffindenhi@blogs.com,Female,26.193.4.70
632,Pall,Brafferton,pbraffertonhj@auda.org.au,Male,159.37.240.100
633,Ragnar,Romaine,rromainehk@gizmodo.com,Male,51.71.66.220
634,Ruthy,Elvey,relveyhl@msn.com,Female,223.177.220.39
635,Chase,Guerreru,cguerreruhm@technorati.com,Male,252.174.232.115
636,Artair,Lighten,alightenhn@pagesperso-orange.fr,Male,133.133.173.131
637,Jelene,Fawke,jfawkeho@bloomberg.com,Female,126.141.164.53
638,Patton,Beefon,pbeefonhp@yale.edu,Male,51.116.68.253
639,Jobye,Haggarth,jhaggarthhq@dropbox.com,Female,197.226.165.167
640,Valdemar,Biaggi,vbiaggihr@independent.co.uk,Male,49.211.90.15
641,Lilli,Cremin,lcreminhs@51.la,Female,94.229.73.149
642,Yorgo,Essel,yesselht@google.es,Male,154.37.180.33
643,Hatty,Lernihan,hlernihanhu@wsj.com,Female,208.144.137.29
644,Helene,Abbotts,habbottshv@goodreads.com,Female,169.125.170.191
645,Gerianna,Moppett,gmoppetthw@purevolume.com,Female,22.207.25.225
646,Cleopatra,Simonson,csimonsonhx@skyrock.com,Female,70.111.240.97
647,Witty,Swaile,wswailehy@symantec.com,Male,232.243.114.145
648,Zacharie,Lermouth,zlermouthhz@ow.ly,Male,240.6.244.168
649,Reynold,Kretschmer,rkretschmeri0@sitemeter.com,Male,137.205.33.98
650,Mimi,Whillock,mwhillocki1@accuweather.com,Female,53.149.123.71
651,Robert,Cassell,rcasselli2@merriam-webster.com,Male,241.10.168.243
652,Hillard,Philpotts,hphilpottsi3@sciencedirect.com,Male,253.41.183.233
653,Fernanda,Birks,fbirksi4@cdbaby.com,Female,144.129.233.24
654,Tobin,Screwton,tscrewtoni5@deliciousdays.com,Male,161.238.154.75
655,Derek,Schaffler,dschaffleri6@usnews.com,Male,172.143.199.117
656,Xena,Warmisham,xwarmishami7@thetimes.co.uk,Female,10.240.129.4
657,Boot,Abramamovh,babramamovhi8@nasa.gov,Male,173.82.165.121
658,Duncan,Duns,ddunsi9@hibu.com,Male,130.223.214.124
659,Albina,Darleston,adarlestonia@phpbb.com,Female,40.234.88.220
660,Vanya,Lonergan,vlonerganib@blogs.com,Female,61.17.113.127
661,Beryle,Malin,bmalinic@posterous.com,Female,131.196.224.44
662,Tod,Crighten,tcrightenid@pcworld.com,Male,210.195.161.112
663,Elizabeth,Greatbach,egreatbachie@bigcartel.com,Female,244.157.1.69
664,Leelah,Fronsek,lfronsekif@ebay.com,Female,154.204.66.74
665,Pearce,Geeson,pgeesonig@google.es,Male,236.57.232.248
666,Constancia,Cowlas,ccowlasih@boston.com,Female,189.227.38.108
667,Mitzi,Load,mloadii@hhs.gov,Female,19.16.198.147
668,Calla,Omar,comarij@yahoo.com,Female,241.60.253.140
669,Damita,Howe,dhoweik@newsvine.com,Female,197.199.40.113
670,Sarena,Sweetsur,ssweetsuril@tamu.edu,Female,205.193.178.31
671,Lorne,Bunnell,lbunnellim@china.com.cn,Male,57.34.135.169
672,Ashlee,Dumini,aduminiin@webs.com,Female,71.11.253.145
673,Fania,Kempston,fkempstonio@ucoz.com,Female,91.24.39.245
674,Elene,Biagioni,ebiagioniip@people.com.cn,Female,187.7.102.78
675,Sidney,Garey,sgareyiq@bloglines.com,Male,250.196.213.119
676,Berk,Bullan,bbullanir@skyrock.com,Male,71.4.37.100
677,Babette,McCathay,bmccathayis@phpbb.com,Female,169.94.3.27
678,Ban,Lawrenz,blawrenzit@phoca.cz,Male,213.63.132.34
679,Dalton,Humphery,dhumpheryiu@odnoklassniki.ru,Male,234.95.209.138
680,Friedrich,Delleschi,fdelleschiiv@g.co,Male,108.239.45.167
681,Cristen,Dark,cdarkiw@cornell.edu,Female,182.124.118.22
682,Bil,Aleshkov,baleshkovix@hostgator.com,Male,191.17.111.115
683,Chantal,Hurne,churneiy@mapquest.com,Female,212.55.4.69
684,Minny,Burton,mburtoniz@google.ru,Female,175.28.203.186
685,Hermon,Petican,hpeticanj0@msu.edu,Male,243.164.41.83
686,Tamarah,Bayston,tbaystonj1@google.co.uk,Female,7.55.192.138
687,Jackson,Lockart,jlockartj2@fda.gov,Male,149.161.102.132
688,Archambault,Snazle,asnazlej3@foxnews.com,Male,236.87.105.233
689,Sherilyn,Cowe,scowej4@fastcompany.com,Female,48.113.163.64
690,Alfy,Duerden,aduerdenj5@ox.ac.uk,Male,92.36.18.220
691,Talbert,Forge,tforgej6@ebay.co.uk,Male,174.190.125.111
692,Veda,Mattiato,vmattiatoj7@cnet.com,Female,224.236.165.206
693,Blane,Allmond,ballmondj8@ft.com,Male,196.220.74.68
694,Josefa,Sessions,jsessionsj9@homestead.com,Female,145.44.180.205
695,Babbette,MacGaughey,bmacgaugheyja@reverbnation.com,Female,106.85.18.240
696,Roxanna,Drayn,rdraynjb@skype.com,Female,56.65.80.75
697,Blair,Dutnell,bdutnelljc@ehow.com,Female,101.133.112.231
698,Anthony,Towns,atownsjd@sogou.com,Male,159.230.155.178
699,Belita,Espinel,bespinelje@technorati.com,Female,127.69.134.52
700,Costanza,Clifft,cclifftjf@imageshack.us,Female,97.87.160.213
701,Conrade,Nudd,cnuddjg@naver.com,Male,139.169.54.1
702,Skell,Passo,spassojh@home.pl,Male,84.58.133.241
703,Beryl,Sotheron,bsotheronji@aboutads.info,Female,10.63.24.4
704,Magda,Gooderidge,mgooderidgejj@adobe.com,Female,139.17.133.96
705,Edgardo,Davidsohn,edavidsohnjk@networksolutions.com,Male,40.153.228.30
706,Kain,Mabey,kmabeyjl@cdbaby.com,Male,45.126.193.71
707,Ewart,Staples,estaplesjm@people.com.cn,Male,160.136.216.198
708,Zachariah,Josefs,zjosefsjn@about.com,Male,218.91.129.225
709,Isador,Pendlebery,ipendleberyjo@ow.ly,Male,96.161.229.26
710,Tomasina,Martello,tmartellojp@altervista.org,Female,32.197.17.235
711,Lucius,Pesak,lpesakjq@skyrock.com,Male,103.168.190.192
712,Gracia,Gatecliff,ggatecliffjr@sbwire.com,Female,227.124.77.119
713,Nappie,McAughtrie,nmcaughtriejs@amazon.de,Male,137.26.194.141
714,Doralynne,Manthroppe,dmanthroppejt@behance.net,Female,190.217.106.234
715,Kilian,Marquand,kmarquandju@youtube.com,Male,1.167.61.59
716,Garreth,Impy,gimpyjv@sakura.ne.jp,Male,119.82.40.1
717,Waylin,Helis,whelisjw@tripod.com,Male,226.135.79.218
718,Haskell,Philot,hphilotjx@pen.io,Male,253.215.126.53
719,Rodolfo,Mabson,rmabsonjy@answers.com,Male,235.244.132.204
720,Teador,Stouther,tstoutherjz@youtu.be,Male,61.20.38.201
721,Percy,Crutchfield,pcrutchfieldk0@dion.ne.jp,Male,187.30.92.118
722,Lenka,Jursch,ljurschk1@latimes.com,Female,89.225.148.118
723,Tobe,Bridel,tbridelk2@economist.com,Female,79.173.255.38
724,Kiley,Dye,kdyek3@intel.com,Male,224.24.87.225
725,Ozzy,Breedy,obreedyk4@google.fr,Male,137.144.247.229
726,Lorrin,Miskelly,lmiskellyk5@businessinsider.com,Female,48.40.224.247
727,Vince,Radoux,vradouxk6@theatlantic.com,Male,73.64.22.126
728,Bartholomeo,Bridgeland,bbridgelandk7@wikimedia.org,Male,75.15.198.45
729,Fanya,Hedney,fhedneyk8@ihg.com,Female,90.37.91.28
730,Andrea,Coggles,acogglesk9@xing.com,Female,104.109.201.192
731,Korella,Matyukon,kmatyukonka@sakura.ne.jp,Female,94.224.218.245
732,Fremont,Arnet,farnetkb@tuttocitta.it,Male,29.12.169.93
733,Clara,Couvet,ccouvetkc@ning.com,Female,52.177.209.166
734,Kinnie,Whittet,kwhittetkd@yellowbook.com,Male,208.135.233.40
735,Korella,Wellfare,kwellfareke@desdev.cn,Female,99.214.142.35
736,Kienan,Filan,kfilankf@mac.com,Male,240.129.232.64
737,Hailey,Ciani,hcianikg@chron.com,Male,165.140.5.216
738,Meridel,Kidgell,mkidgellkh@tumblr.com,Female,182.81.31.163
739,Skipper,Powers,spowerski@mapy.cz,Male,151.47.248.254
740,Kendrick,Swanborrow,kswanborrowkj@slate.com,Male,224.162.232.124
741,Horatius,Marchment,hmarchmentkk@instagram.com,Male,70.122.6.107
742,Gery,Jeppe,gjeppekl@google.nl,Male,51.241.143.106
743,Anet,Jerrome,ajerromekm@wired.com,Female,115.180.82.234
744,Blaire,McReedy,bmcreedykn@behance.net,Female,127.57.149.52
745,Flemming,McGahern,fmcgahernko@washingtonpost.com,Male,99.40.48.183
746,Natassia,Enrietto,nenriettokp@state.tx.us,Female,34.15.251.205
747,Evangelin,Perford,eperfordkq@parallels.com,Female,162.33.19.155
748,Gillie,Hawkins,ghawkinskr@eepurl.com,Female,131.103.213.117
749,Jordan,Bagniuk,jbagniukks@mapy.cz,Female,173.179.99.30
750,Bessie,Dionis,bdioniskt@cnet.com,Female,205.171.29.118
751,Floria,Rangall,frangallku@wix.com,Female,47.73.187.191
752,Karim,Dorr,kdorrkv@meetup.com,Male,149.247.31.55
753,Kore,Hedin,khedinkw@edublogs.org,Female,8.91.208.27
754,Agna,Perez,aperezkx@paypal.com,Female,142.167.213.117
755,Karel,Channer,kchannerky@godaddy.com,Male,191.34.31.164
756,Sonnnie,Giorgio,sgiorgiokz@mac.com,Female,122.234.74.81
757,Emmie,McCrory,emccroryl0@cyberchimps.com,Female,183.241.59.169
758,Corbie,Sissons,csissonsl1@bizjournals.com,Male,173.0.51.236
759,Callean,Berndsen,cberndsenl2@constantcontact.com,Male,23.34.112.143
760,Henry,Killgus,hkillgusl3@paypal.com,Male,1.24.2.152
761,Thibaut,Mulvihill,tmulvihilll4@chronoengine.com,Male,101.147.104.137
762,Bridget,Kelcher,bkelcherl5@reuters.com,Female,187.129.139.105
763,Michal,Boribal,mboriball6@google.co.jp,Male,251.69.136.103
764,Yuri,McCusker,ymccuskerl7@nifty.com,Male,49.43.80.96
765,Oren,Manser,omanserl8@thetimes.co.uk,Male,92.241.30.112
766,Lionello,Mellows,lmellowsl9@gravatar.com,Male,38.242.2.134
767,Ailene,Bottell,abottellla@typepad.com,Female,178.165.179.195
768,Stanwood,Filipputti,sfilipputtilb@china.com.cn,Male,15.193.154.231
769,Ursulina,Landon,ulandonlc@globo.com,Female,67.109.59.9
770,Gunter,Capell,gcapellld@purevolume.com,Male,154.46.120.27
771,Tally,Figge,tfiggele@webnode.com,Female,229.66.186.46
772,Berny,Streeton,bstreetonlf@biblegateway.com,Male,71.162.74.3
773,Miltie,Gullen,mgullenlg@comcast.net,Male,90.129.181.231
774,Wendye,Yeomans,wyeomanslh@buzzfeed.com,Female,189.219.143.57
775,Dalli,Sinclaire,dsinclaireli@ihg.com,Male,99.102.130.71
776,Fairlie,Normington,fnormingtonlj@hao123.com,Male,123.137.207.154
777,Grady,Pittel,gpittellk@addtoany.com,Male,77.243.70.96
778,Spencer,Tarquinio,starquinioll@hp.com,Male,71.243.119.240
779,Diannne,Basill,dbasilllm@networksolutions.com,Female,121.163.186.101
780,Sukey,Calderwood,scalderwoodln@columbia.edu,Female,87.246.123.67
781,Moselle,Kinnane,mkinnanelo@kickstarter.com,Female,102.164.14.210
782,Vladamir,Dagwell,vdagwelllp@oracle.com,Male,219.175.95.92
783,Guillermo,Kilduff,gkildufflq@state.gov,Male,77.151.199.43
784,Hermina,Yoell,hyoelllr@xing.com,Female,6.84.10.73
785,Candie,Ladon,cladonls@umn.edu,Female,50.137.243.125
786,Brigida,Cheyenne,bcheyennelt@etsy.com,Female,187.232.87.155
787,Caresa,Smiths,csmithslu@1688.com,Female,1.166.7.56
788,Brigg,Lickorish,blickorishlv@goo.gl,Male,136.115.66.227
789,Syman,Osban,sosbanlw@is.gd,Male,113.187.41.184
790,Natasha,Deveril,ndeverillx@oakley.com,Female,235.62.244.139
791,Taffy,Bargh,tbarghly@prlog.org,Female,41.145.232.22
792,Mellicent,Critzen,mcritzenlz@harvard.edu,Female,152.51.185.219
793,Francisco,Form,fformm0@umich.edu,Male,190.2.124.194
794,Clarence,Ramel,cramelm1@howstuffworks.com,Male,124.202.29.230
795,Aubrie,Bedenham,abedenhamm2@ifeng.com,Female,120.219.226.104
796,Penni,Bonnick,pbonnickm3@army.mil,Female,193.85.254.181
797,Emilee,Plinck,eplinckm4@lycos.com,Female,37.120.170.166
798,Thomas,Rowney,trowneym5@deviantart.com,Male,44.128.35.155
799,Wayland,McIlharga,wmcilhargam6@mlb.com,Male,204.140.112.202
800,Zelig,Cregg,zcreggm7@indiatimes.com,Male,172.230.235.169
801,King,Pes,kpesm8@reverbnation.com,Male,33.112.196.171
802,Garrik,Pothbury,gpothburym9@sbwire.com,Male,187.166.248.10
803,Agneta,Simeoni,asimeonima@whitehouse.gov,Female,174.47.242.79
804,Blaine,Reeks,breeksmb@fema.gov,Male,234.33.13.184
805,Alaster,Bullan,abullanmc@instagram.com,Male,162.38.226.223
806,Tandy,Kiledal,tkiledalmd@noaa.gov,Female,208.115.141.25
807,Jude,Watterson,jwattersonme@alexa.com,Male,92.209.91.240
808,Tanner,Kovalski,tkovalskimf@desdev.cn,Male,119.110.100.245
809,Alexandra,Travers,atraversmg@shinystat.com,Female,180.69.129.75
810,Foss,Claessens,fclaessensmh@newyorker.com,Male,232.9.115.232
811,Myer,Kovacs,mkovacsmi@wired.com,Male,148.175.60.174
812,Romona,Ballsdon,rballsdonmj@360.cn,Female,116.115.228.95
813,Jayne,Sarten,jsartenmk@indiegogo.com,Female,95.214.225.147
814,Aldon,Woofinden,awoofindenml@dedecms.com,Male,224.254.21.34
815,Dunc,Najafian,dnajafianmm@nih.gov,Male,89.241.103.27
816,Fayth,Kinker,fkinkermn@vk.com,Female,9.227.134.42
817,Anastassia,Sinderland,asinderlandmo@nature.com,Female,7.56.101.76
818,Sioux,Mortel,smortelmp@hc360.com,Female,117.44.87.139
819,Leah,Lambkin,llambkinmq@weather.com,Female,226.36.27.225
820,Vasilis,Dunford,vdunfordmr@mapquest.com,Male,184.130.213.214
821,Orel,Ciccotti,ociccottims@instagram.com,Female,217.74.41.93
822,Coral,Weddeburn,cweddeburnmt@uiuc.edu,Female,60.168.207.188
823,Susette,Sperry,ssperrymu@ustream.tv,Female,101.220.140.185
824,Vilhelmina,Riggott,vriggottmv@plala.or.jp,Female,4.25.191.73
825,Clint,Keam,ckeammw@china.com.cn,Male,95.172.211.141
826,Christiana,Crosston,ccrosstonmx@hhs.gov,Female,157.52.118.64
827,Whitney,Gwinnett,wgwinnettmy@ftc.gov,Female,33.210.131.87
828,Editha,Kumar,ekumarmz@deviantart.com,Female,0.130.160.248
829,Conn,Izzett,cizzettn0@shop-pro.jp,Male,207.130.226.230
830,Briano,Banville,bbanvillen1@reuters.com,Male,175.140.72.179
831,Malynda,Hollows,mhollowsn2@samsung.com,Female,193.158.99.75
832,Astrid,Broszkiewicz,abroszkiewiczn3@amazon.de,Female,119.115.90.65
833,Evelina,Purselow,epurselown4@google.co.jp,Female,190.228.21.161
834,Durand,McElvine,dmcelvinen5@friendfeed.com,Male,182.164.160.39
835,Durward,Ruegg,drueggn6@instagram.com,Male,61.128.246.82
836,Jessy,Ironmonger,jironmongern7@360.cn,Female,121.41.245.50
837,Issie,Tille,itillen8@free.fr,Female,186.161.248.118
838,Husain,St. Leger,hstlegern9@time.com,Male,46.180.37.213
839,Noelyn,Dawdry,ndawdryna@cam.ac.uk,Female,18.37.207.43
840,Dore,Gauden,dgaudennb@cmu.edu,Male,154.1.158.78
841,Leanor,D'Hooge,ldhoogenc@mozilla.org,Female,15.12.145.155
842,Felice,Doleman,fdolemannd@unesco.org,Male,135.73.175.145
843,Editha,Pleming,eplemingne@webmd.com,Female,155.26.161.246
844,Dillon,Kellar,dkellarnf@aboutads.info,Male,140.146.136.239
845,Dimitry,McMorran,dmcmorranng@businessweek.com,Male,106.99.235.101
846,Gennifer,Gillean,ggilleannh@kickstarter.com,Female,78.73.35.136
847,Calv,Motten,cmottenni@behance.net,Male,253.2.197.77
848,Brina,Sifleet,bsifleetnj@sbwire.com,Female,34.147.204.37
849,Melloney,Kestle,mkestlenk@gnu.org,Female,87.139.90.236
850,Inga,Besant,ibesantnl@senate.gov,Female,199.68.180.127
851,Gerhardine,Lambarton,glambartonnm@odnoklassniki.ru,Female,6.146.143.26
852,Jannelle,Beavon,jbeavonnn@reuters.com,Female,63.114.128.236
853,Caryl,Jaumet,cjaumetno@flickr.com,Male,213.2.65.79
854,Cornell,Vaneschi,cvaneschinp@addthis.com,Male,235.232.204.216
855,Joye,Ginity,jginitynq@jalbum.net,Female,109.125.55.93
856,Darline,Tytler,dtytlernr@oracle.com,Female,251.106.112.159
857,Tomasina,Trimme,ttrimmens@spiegel.de,Female,38.169.154.57
858,Renaldo,Liptrod,rliptrodnt@hugedomains.com,Male,206.4.238.28
859,Olenolin,Stidever,ostidevernu@simplemachines.org,Male,205.143.156.189
860,Rasia,Pickwell,rpickwellnv@intel.com,Female,160.69.249.205
861,Lazar,Torvey,ltorveynw@soundcloud.com,Male,141.125.233.209
862,Kinny,Matsell,kmatsellnx@ftc.gov,Male,30.147.152.197
863,Erasmus,Delhanty,edelhantyny@amazonaws.com,Male,104.26.95.55
864,Rosemaria,Vise,rvisenz@constantcontact.com,Female,105.89.0.212
865,Marjory,Woodhall,mwoodhallo0@seesaa.net,Female,169.232.225.53
866,Norbert,MacIlory,nmaciloryo1@vistaprint.com,Male,145.25.125.176
867,Ruggiero,Oland,rolando2@squarespace.com,Male,166.9.68.241
868,Cicily,Eaddy,ceaddyo3@domainmarket.com,Female,207.213.191.132
869,Berti,Hankard,bhankardo4@biglobe.ne.jp,Male,42.240.103.101
870,Elliott,Capell,ecapello5@cnn.com,Male,50.57.86.211
871,Joaquin,O'Crevan,jocrevano6@php.net,Male,18.158.82.209
872,Sunshine,Waylen,swayleno7@pcworld.com,Female,234.61.190.206
873,Audrye,Jiroudek,ajiroudeko8@cbsnews.com,Female,202.238.170.82
874,Davina,Norcop,dnorcopo9@cnet.com,Female,155.88.48.158
875,Darryl,Karpman,dkarpmanoa@dion.ne.jp,Male,128.61.51.212
876,Orelle,Dunthorn,odunthornob@tinyurl.com,Female,177.253.126.65
877,Gwenora,Vasyunkin,gvasyunkinoc@sfgate.com,Female,45.45.127.200
878,Skip,De Michetti,sdemichettiod@theglobeandmail.com,Male,24.242.252.176
879,Ware,Headech,wheadechoe@forbes.com,Male,54.6.253.157
880,Jen,Domone,jdomoneof@fastcompany.com,Female,77.84.10.100
881,Giustina,Brecknell,gbrecknellog@csmonitor.com,Female,106.250.34.152
882,Helaine,Bugs,hbugsoh@123-reg.co.uk,Female,174.252.202.241
883,Tomas,Meachem,tmeachemoi@xrea.com,Male,233.137.28.96
884,Kellie,Veschambre,kveschambreoj@statcounter.com,Female,80.153.111.59
885,Blaine,Levecque,blevecqueok@marketwatch.com,Male,79.130.234.121
886,Dallon,Carlisle,dcarlisleol@omniture.com,Male,67.233.203.42
887,Adria,Blowin,ablowinom@loc.gov,Female,24.91.34.101
888,Rick,McNae,rmcnaeon@umich.edu,Male,250.157.155.115
889,Shel,Dowdeswell,sdowdeswelloo@weibo.com,Female,248.71.174.207
890,Donal,Antrack,dantrackop@indiatimes.com,Male,45.205.157.254
891,Kayle,Van der Kruijs,kvanderkruijsoq@amazon.de,Female,239.204.16.201
892,Tadeo,Ewington,tewingtonor@auda.org.au,Male,28.7.178.224
893,Amalita,Dessaur,adessauros@chronoengine.com,Female,6.197.162.211
894,Loise,Monelle,lmonelleot@arizona.edu,Female,216.153.20.160
895,Karita,Guyonneau,kguyonneauou@disqus.com,Female,113.156.54.56
896,Kermit,Springate,kspringateov@nps.gov,Male,224.89.96.10
897,Coralyn,Cantwell,ccantwellow@sohu.com,Female,28.168.163.158
898,Murry,Hernik,mhernikox@webnode.com,Male,219.215.40.202
899,Sol,Shackesby,sshackesbyoy@hc360.com,Male,73.16.3.118
900,Caralie,Chillingsworth,cchillingsworthoz@prlog.org,Female,34.42.185.48
901,Richard,Chater,rchaterp0@tmall.com,Male,60.219.63.105
902,Paton,Heinschke,pheinschkep1@hc360.com,Male,63.181.243.156
903,Chrystal,Fone,cfonep2@deliciousdays.com,Female,14.143.44.145
904,Velma,Southcoat,vsouthcoatp3@wisc.edu,Female,165.97.5.249
905,Deck,Faunt,dfauntp4@ifeng.com,Male,202.123.238.153
906,Jamesy,Cranmere,jcranmerep5@blogger.com,Male,13.188.159.28
907,Vallie,Hitzschke,vhitzschkep6@hugedomains.com,Female,25.109.167.200
908,Sheffie,Morant,smorantp7@marketwatch.com,Male,63.108.130.181
909,Luther,Van Bruggen,lvanbruggenp8@hubpages.com,Male,239.212.9.24
910,Rustin,Gambie,rgambiep9@jiathis.com,Male,79.126.134.137
911,Rafa,Manlow,rmanlowpa@forbes.com,Female,25.205.109.195
912,Patricio,Errol,perrolpb@sitemeter.com,Male,123.81.62.43
913,Joshua,Magee,jmageepc@unblog.fr,Male,167.35.102.186
914,Violante,Chstney,vchstneypd@scribd.com,Female,55.113.113.111
915,Joell,Berriman,jberrimanpe@deviantart.com,Female,177.254.194.202
916,Donna,Dymidowski,ddymidowskipf@latimes.com,Female,133.37.23.218
917,Sutton,Matisoff,smatisoffpg@symantec.com,Male,255.74.13.99
918,Gerhardine,Zanolli,gzanolliph@is.gd,Female,80.48.196.184
919,Elfrieda,Jopp,ejopppi@google.de,Female,50.142.56.16
920,Marabel,Carcass,mcarcasspj@webs.com,Female,17.215.229.147
921,Min,Sharplin,msharplinpk@springer.com,Female,9.156.175.254
922,Say,Gethin,sgethinpl@twitter.com,Male,79.201.152.126
923,Kienan,Brymham,kbrymhampm@nsw.gov.au,Male,232.218.235.227
924,Shanta,Sleep,ssleeppn@geocities.jp,Female,35.144.42.219
925,Rennie,Glashby,rglashbypo@friendfeed.com,Female,1.38.245.114
926,Jolynn,Croneen,jcroneenpp@php.net,Female,5.130.72.219
927,Gustavo,Crose,gcrosepq@unblog.fr,Male,50.116.59.60
928,Clari,Erley,cerleypr@prweb.com,Female,53.49.162.101
929,Batsheva,Kelleher,bkelleherps@creativecommons.org,Female,65.176.137.10
930,Rosalinde,Yitzhok,ryitzhokpt@adobe.com,Female,141.186.167.90
931,Galvan,Lundy,glundypu@twitter.com,Male,255.91.222.170
932,Karlens,Birkinshaw,kbirkinshawpv@godaddy.com,Male,24.21.132.62
933,Tera,Kilgallen,tkilgallenpw@unblog.fr,Female,245.29.108.58
934,Odell,Attreed,oattreedpx@istockphoto.com,Male,161.54.228.241
935,Horatius,Goforth,hgoforthpy@cbc.ca,Male,0.71.173.109
936,Madelle,Isitt,misittpz@geocities.com,Female,43.22.244.183
937,Frederica,Autie,fautieq0@epa.gov,Female,200.255.44.7
938,Roberto,Attkins,rattkinsq1@pinterest.com,Male,89.35.82.102
939,Melloney,Knoller,mknollerq2@ucsd.edu,Female,91.185.28.75
940,Krissy,Thackston,kthackstonq3@yale.edu,Female,116.102.243.32
941,Gretta,Bramley,gbramleyq4@tamu.edu,Female,168.131.185.59
942,Theressa,Tomsett,ttomsettq5@unc.edu,Female,68.106.177.248
943,Conny,Osinin,cosininq6@thetimes.co.uk,Female,135.172.132.231
944,Allyce,Stuffins,astuffinsq7@joomla.org,Female,124.144.150.95
945,Euphemia,Espinoza,eespinozaq8@flickr.com,Female,148.133.172.2
946,Tally,Begbie,tbegbieq9@craigslist.org,Female,189.118.242.245
947,Hale,Harrington,hharringtonqa@nationalgeographic.com,Male,163.74.25.116
948,Robyn,Schaumaker,rschaumakerqb@hatena.ne.jp,Female,232.80.205.123
949,Olav,Pedrocco,opedroccoqc@hc360.com,Male,172.62.89.32
950,Daffy,Sebring,dsebringqd@ihg.com,Female,229.74.243.96
951,Dennie,Kesteven,dkestevenqe@hhs.gov,Male,206.38.23.29
952,Irv,Cicchetto,icicchettoqf@vimeo.com,Male,27.14.219.79
953,Gerri,Burkwood,gburkwoodqg@hostgator.com,Male,233.193.153.4
954,Brig,Goseling,bgoselingqh@nyu.edu,Male,34.58.237.115
955,Sherlock,McCahey,smccaheyqi@loc.gov,Male,25.10.62.86
956,Dorette,Dallimore,ddallimoreqj@washington.edu,Female,242.242.137.190
957,Whitaker,Sacase,wsacaseqk@nydailynews.com,Male,75.82.210.210
958,Dorelia,Quinnelly,dquinnellyql@businessweek.com,Female,156.72.158.98
959,Lynda,Drejer,ldrejerqm@freewebs.com,Female,107.205.64.158
960,Renaldo,Antony,rantonyqn@quantcast.com,Male,218.33.232.93
961,Patric,South,psouthqo@dropbox.com,Male,193.2.92.102
962,Lind,Reap,lreapqp@zdnet.com,Female,107.126.50.93
963,Brandon,Nother,bnotherqq@redcross.org,Male,71.33.250.195
964,Laurice,Dibsdale,ldibsdaleqr@sina.com.cn,Female,165.68.190.2
965,Napoleon,Hein,nheinqs@ihg.com,Male,50.109.179.65
966,Gus,Spooner,gspoonerqt@purevolume.com,Male,105.251.179.100
967,Kyrstin,Sunley,ksunleyqu@paypal.com,Female,177.118.66.159
968,Charisse,Cadd,ccaddqv@boston.com,Female,6.164.75.146
969,Bernete,Bouette,bbouetteqw@webnode.com,Female,63.240.62.218
970,Deina,Priel,dprielqx@earthlink.net,Female,54.228.218.0
971,Stafford,Vitall,svitallqy@ox.ac.uk,Male,124.46.182.227
972,Jeri,Poppleton,jpoppletonqz@usnews.com,Female,38.68.40.19
973,Nolana,Robbe,nrobber0@oaic.gov.au,Female,216.6.169.78
974,Dorrie,Curror,dcurrorr1@si.edu,Female,100.196.133.64
975,Anissa,Puddin,apuddinr2@nydailynews.com,Female,137.35.25.245
976,Giraldo,Maccaig,gmaccaigr3@accuweather.com,Male,136.3.216.187
977,Ruthanne,Hoyer,rhoyerr4@opensource.org,Female,198.223.250.144
978,Roldan,Luchetti,rluchettir5@apple.com,Male,3.189.58.62
979,Ailbert,Scarlon,ascarlonr6@ibm.com,Male,93.167.162.169
980,Shepherd,Grigorey,sgrigoreyr7@mozilla.org,Male,169.145.102.51
981,Jeramey,Hopkyns,jhopkynsr8@google.com.au,Male,33.208.179.48
982,Niccolo,Insall,ninsallr9@bravesites.com,Male,35.166.23.94
983,Fancy,Deporte,fdeportera@umich.edu,Female,86.69.187.193
984,Paolo,Vallance,pvallancerb@360.cn,Male,115.249.163.150
985,Judah,Skaid,jskaidrc@merriam-webster.com,Male,125.178.118.137
986,Craggy,Bootell,cbootellrd@chron.com,Male,147.209.229.71
987,Hurleigh,Titcomb,htitcombre@seattletimes.com,Male,84.93.246.86
988,Mirabelle,Benediktsson,mbenediktssonrf@google.pl,Female,120.69.13.28
989,Olva,Ashwell,oashwellrg@mlb.com,Female,139.56.165.213
990,Valma,Wallis,vwallisrh@nymag.com,Female,246.69.68.35
991,Kathryn,Furmenger,kfurmengerri@behance.net,Female,127.234.59.133
992,Zelda,Bisiker,zbisikerrj@scientificamerican.com,Female,102.8.33.106
993,Emile,Fitchen,efitchenrk@photobucket.com,Male,117.51.186.221
994,Augusta,Esmead,aesmeadrl@hc360.com,Female,45.180.164.103
995,Jeanelle,Manifold,jmanifoldrm@prnewswire.com,Female,129.76.54.234
996,Elfie,Caulcutt,ecaulcuttrn@flavors.me,Female,174.223.177.189
997,Marlo,Rosenfarb,mrosenfarbro@java.com,Female,183.43.200.123
998,Jessee,Ritzman,jritzmanrp@people.com.cn,Male,147.211.93.42
999,Letizia,Andriss,landrissrq@list-manage.com,Female,184.146.46.142
1000,Ephraim,Moxstead,emoxsteadrr@wired.com,Male,22.241.145.162
